id	sequence	length	score	prediction	threshold
promoter_example_1	TAGTCATGTTACGCCGATCATGTTAATTT	29	0.802651	promoter	0.5000
promoter_example_2	TTTACCATCAACCCGAGGCCTCCTATATG	29	0.949286	promoter	0.5000
promoter_example_3	TGGTATTGCTGGATTAAGCAGGTAACAT	28	0.860566	promoter	0.5000
promoter_example_4	TTCTCCGCCTATGCATTGGTGTTTATTGT	29	0.781683	promoter	0.5000
promoter_example_5	TGGTCACAACGGCAGCAAAGCATTACACT	29	0.960995	promoter	0.5000
nonpromoter_example_1	ATTACGCTTATAAAGATTTGGTGAAAATT	29	0.009314	non-promoter	0.5000
nonpromoter_example_2	GATCTTCAATGGTGTCGACGCGCACCGGC	29	0.000000	non-promoter	0.5000
nonpromoter_example_3	GCGTAGCACCATAAAAACTTGATGGGGA	28	0.000015	non-promoter	0.5000
nonpromoter_example_4	TATCCTTTTGCTGACGGTGGATTCGTGCT	29	0.109348	non-promoter	0.5000
nonpromoter_example_5	AGACCTCCCTGAAATCGAACGGCGGTAAA	29	0.000002	non-promoter	0.5000
